<theme>
    <formatVersion>3</formatVersion>
    <include>./../common.xml</include>
	<include>./../common/templates/portrait.xml</include>	

	<view name="system">
	<!-- System Specific Images -->
		<image name="logo">
			<path>./logo.svg</path>
        </image>
		
		<image name="overlay" extra="true">
		</image>
	</view>

	<view name="basic, detailed">
	<!-- System Specific Images -->
		<image name="logo">
			<path>./logo.svg</path>
		</image>
		
		<image name="overlay" extra="true">
		</image>
	</view>
</theme>